LayerID, Avg IFMAP SRAM BW, Avg FILTER SRAM BW, Avg OFMAP SRAM BW, Avg IFMAP DRAM BW, Avg FILTER DRAM BW, Avg OFMAP DRAM BW,
0, 9.41677969385778, 9.709746173222245, 11.879868242588646, 9.365853658536585, 8.771573604060913, 19.102088167053363,
1, 28.01934978245007, 28.891062886792962, 1.6569467340485906, 3.6683018966919385, 2.3012454475967807, 3.442300800382272,
2, 28.01934978245007, 28.891062886792962, 1.6569467340485906, 3.6683018966919385, 2.3012454475967807, 3.442300800382272,
3, 28.01934978245007, 28.891062886792962, 1.6569467340485906, 3.6683018966919385, 2.3012454475967807, 3.442300800382272,
4, 28.01934978245007, 28.891062886792962, 1.6569467340485906, 3.6683018966919385, 2.3012454475967807, 3.442300800382272,
5, 28.018971178402044, 28.890672503952327, 1.6569243449943925, 3.851896763169861, 1.9694826567642838, 2.1539309880743205,
6, 26.57079815245212, 30.36662645994528, 0.790797564061075, 3.5350728384091337, 28.130488103998037, 32.0,
7, 16.254976126992002, 16.254976126992002, 8.635456067464501, 13.542594410290851, 9.615023474178404, 10.040821015547216,
8, 26.57079815245212, 30.36662645994528, 0.790797564061075, 3.5350728384091337, 28.130488103998037, 32.0,
9, 26.57079815245212, 30.36662645994528, 0.790797564061075, 3.5350728384091337, 28.130488103998037, 32.0,
10, 26.57040730770928, 30.36617978023918, 0.7907859317770619, 3.7752210366942336, 29.00271147388977, 2.1232766641292398,
11, 17.528780874389117, 31.162277110025094, 0.27050587769119006, 9.620669406928949, 28.725661130862512, 32.0,
12, 21.55966773583354, 21.55966773583354, 5.726786742330784, 17.03450516602768, 2.618763326226013, 9.397592088290097,
13, 17.528780874389117, 31.162277110025094, 0.27050587769119006, 9.620669406928949, 28.725661130862512, 32.0,
14, 17.528780874389117, 31.162277110025094, 0.27050587769119006, 9.620669406928949, 28.725661130862512, 32.0,
15, 17.528549352141695, 31.16186551491857, 0.2705023048170015, 9.620669406928949, 29.901978428663767, 32.0,
16, 3.946947898124975, 31.5755831849998, 0.041114040605468485, 9.615023474178404, 30.28271444890834, 32.0,
17, 25.763538083538084, 25.763538083538084, 3.421719901719902, 9.620669406928949, 13.12734768666972, 32.0,
18, 3.946947898124975, 31.5755831849998, 0.041114040605468485, 9.615023474178404, 30.28271444890834, 32.0,
19, 3.946947898124975, 31.5755831849998, 0.041114040605468485, 9.615023474178404, 30.28271444890834, 32.0,
