LayerID, Total Cycles, Stall Cycles, Overall Util %, Mapping Efficiency %, Compute Util %,
0, 5161, 0, 29.42743654330556, 96.98275862068965, 29.421735761332833,
1, 37003, 0, 87.56046807015647, 96.98275862068965, 87.5581018268296,
2, 37003, 0, 87.56046807015647, 96.98275862068965, 87.5581018268296,
3, 37003, 0, 87.56046807015647, 96.98275862068965, 87.5581018268296,
4, 37003, 0, 87.56046807015647, 96.98275862068965, 87.5581018268296,
5, 74007, 0, 87.55928493250639, 96.98275862068965, 87.55810182682961,
6, 33991, 0, 83.03374422641288, 87.5, 83.03130148270183,
7, 16127, 0, 50.79680039685, 100.0, 50.793650793650656,
8, 33991, 0, 83.03374422641288, 87.5, 83.03130148270183,
9, 33991, 0, 83.03374422641288, 87.5, 83.03130148270183,
10, 67983, 0, 83.0325228365915, 87.5, 83.03130148270182,
11, 37855, 0, 54.77744023246599, 56.25, 54.77599323753171,
12, 12159, 0, 67.37396167447982, 100.0, 67.36842105263159,
13, 37855, 0, 54.77744023246599, 56.25, 54.77599323753171,
14, 37855, 0, 54.77744023246599, 56.25, 54.77599323753171,
15, 75711, 0, 54.7767167254428, 56.25, 54.77599323753173,
16, 74719, 0, 12.334212181640547, 12.5, 12.334047109207711,
17, 10175, 0, 80.51105651105651, 100.0, 80.50314465408805,
18, 74719, 0, 12.334212181640547, 12.5, 12.334047109207711,
19, 74719, 0, 12.334212181640547, 12.5, 12.334047109207711,
