LayerID, Total Cycles, Stall Cycles, Overall Util %, Mapping Efficiency %, Compute Util %,
0, 2580, 0, 29.433139534883722, 96.98275862068965, 29.42173576133281,
1, 4899, 0, 72.01469687691366, 87.5, 71.99999999999999,
2, 2551, 0, 50.80360642885143, 56.25, 50.78369905956113,
3, 1275, 0, 11.294117647058824, 12.5, 11.285266457680251,
4, 1275, 0, 50.8235294117647, 56.25, 50.78369905956113,
5, 2449, 0, 6.752756227031441, 8.203125, 6.749999999999999,
6, 2580, 0, 2.759356831395349, 9.092133620689655, 2.7582877276249533,
