LayerID, Total Cycles, Stall Cycles, Overall Util %, Mapping Efficiency %, Compute Util %,
0, 5695, 0, 30.342405618964005, 100.0, 30.337078651685417,
1, 20415, 0, 90.28655400440853, 100.0, 90.28213166144205,
2, 19423, 0, 94.89780157545178, 100.0, 94.89291598023063,
3, 37855, 0, 97.38211596882843, 100.0, 97.37954353338974,
4, 37855, 0, 48.691057984414215, 50.0, 48.68977176669487,
5, 74719, 0, 49.33684872656219, 50.0, 49.336188436830845,
6, 74719, 0, 12.334212181640547, 12.5, 12.334047109207711,
7, 74719, 0, 12.334212181640547, 12.5, 12.334047109207711,
8, 573, 0, 0.8726003490401396, 0.9765625, 0.8710801393728222,
