LayerID, Total Cycles, Stall Cycles, Overall Util %, Mapping Efficiency %, Compute Util %,
0, 2847, 0, 30.347734457323497, 100.0, 30.33707865168539,
1, 11199, 0, 82.29306188052504, 100.0, 82.28571428571423,
2, 5599, 0, 82.30041078764064, 100.0, 82.28571428571425,
3, 10207, 0, 90.29097678064073, 100.0, 90.282131661442,
4, 5103, 0, 90.29982363315696, 100.0, 90.28213166144202,
5, 9711, 0, 94.90268767377201, 100.0, 94.89291598023063,
6, 4855, 0, 47.4562306900103, 50.0, 47.44645799011532,
7, 8687, 0, 72.19983883964545, 76.5625, 72.1915285451197,
8, 2551, 0, 90.31752254018032, 100.0, 90.28213166144201,
9, 9183, 0, 78.40574975498203, 87.890625, 78.39721254355399,
10, 2799, 0, 82.31511254019293, 100.0, 82.28571428571428,
11, 3409, 0, 42.285127603402756, 96.875, 42.27272727272725,
