LayerID, Avg IFMAP SRAM BW, Avg FILTER SRAM BW, Avg OFMAP SRAM BW, Avg IFMAP DRAM BW, Avg FILTER DRAM BW, Avg OFMAP DRAM BW,
0, 9.70956979806848, 9.70956979806848, 12.226865671641791, 8.82442748091603, 8.771573604060913, 17.048101924076963,
1, 28.89098968920673, 28.89098968920673, 1.7053709191545638, 4.1908826589132815, 2.118898778720762, 3.142439491972202,
2, 28.89169728141073, 28.89169728141073, 1.7054126867499388, 9.893129770992367, 6.124717862579392, 32.0,
3, 30.36651478878678, 30.36651478878678, 0.8962339434190543, 4.6193387622986615, 28.048124019211564, 32.0,
4, 30.36729650414457, 30.36729650414457, 0.8962570148792669, 9.770992366412214, 26.046544491057627, 32.0,
5, 31.162277110025094, 31.162277110025094, 0.4598599920750231, 9.770992366412214, 28.725661130862512, 32.0,
6, 31.162277110025094, 31.162277110025094, 0.4598599920750231, 9.770992366412214, 28.725661130862512, 32.0,
7, 31.162277110025094, 31.162277110025094, 0.4598599920750231, 9.770992366412214, 28.725661130862512, 32.0,
8, 15.581138555012547, 31.162277110025094, 0.24345528992207105, 9.375381485249237, 28.725661130862512, 32.0,
9, 15.7877915924999, 31.5755831849998, 0.12334212181640547, 9.701052631578948, 30.28271444890834, 32.0,
10, 15.7877915924999, 31.5755831849998, 0.12334212181640547, 9.701052631578948, 30.28271444890834, 32.0,
11, 15.7877915924999, 31.5755831849998, 0.12334212181640547, 9.701052631578948, 30.28271444890834, 32.0,
12, 3.946947898124975, 31.5755831849998, 0.041114040605468485, 9.615023474178404, 30.28271444890834, 32.0,
13, 3.946947898124975, 31.5755831849998, 0.041114040605468485, 9.615023474178404, 30.28271444890834, 32.0,
14, 3.946947898124975, 31.5755831849998, 0.041114040605468485, 9.615023474178404, 30.28271444890834, 32.0,
15, 3.946947898124975, 31.5755831849998, 0.041114040605468485, 9.615023474178404, 30.28271444890834, 32.0,
16, 0.893542757417103, 8.93542757417103, 0.12914485165794065, 7.757575757575758, 9.770992366412214, 10.0,
