LayerID, Avg IFMAP SRAM BW, Avg FILTER SRAM BW, Avg OFMAP SRAM BW, Avg IFMAP DRAM BW, Avg FILTER DRAM BW, Avg OFMAP DRAM BW,
0, 9.418604651162791, 2.427906976744186, 3.510077519379845, 9.365853658536585, 3.272727272727273, 32.0,
1, 16.679536679536678, 4.2996138996139, 2.331016731016731, 9.615023474178404, 8.727272727272727, 32.0,
2, 15.060832443970117, 8.606189967982925, 3.824973319103522, 7.816793893129771, 8.793893129770993, 32.0,
3, 19.58639833448994, 11.192227619708536, 2.4871616932685634, 8.923747276688454, 8.793893129770993, 32.0,
4, 12.613138686131387, 22.423357664233578, 3.1143552311435525, 7.816793893129771, 8.793893129770993, 32.0,
5, 14.832618025751072, 26.369098712446352, 1.8311874105865522, 7.816793893129771, 9.375381485249237, 32.0,
6, 3.296137339055794, 26.369098712446352, 0.5493562231759657, 7.757575757575758, 9.701052631578948, 32.0,
7, 3.6141176470588237, 28.91294117647059, 0.30117647058823527, 7.816793893129771, 8.422206991089787, 32.0,
8, 16.263529411764704, 28.91294117647059, 1.003921568627451, 8.923747276688454, 9.701052631578948, 32.0,
9, 14.832618025751072, 26.369098712446352, 1.8311874105865522, 7.816793893129771, 9.375381485249237, 32.0,
10, 23.049407921600654, 13.171090240914658, 1.46345447121274, 9.615023474178404, 8.793893129770993, 32.0,
11, 19.58639833448994, 11.192227619708536, 2.4871616932685634, 8.923747276688454, 8.793893129770993, 32.0,
12, 21.697639377197387, 5.593169261677549, 1.5161560354930521, 9.620669406928949, 8.793893129770993, 32.0,
13, 16.679536679536678, 4.2996138996139, 2.331016731016731, 9.615023474178404, 8.727272727272727, 32.0,
14, 3.658776239392586, 0.34301027244305493, 2.286735149620366, 9.615023474178404, 0.36363636363636365, 32.0,
