LayerID, Total Cycles, Stall Cycles, Overall Util %, Mapping Efficiency %, Compute Util %,
0, 2580, 0, 7.3582848837209305, 24.245689655172413, 7.355433940333202,
1, 3885, 0, 13.03088803088803, 24.245689655172413, 13.027534740092644,
2, 937, 0, 23.532550693703307, 43.75, 23.50746268656716,
3, 1441, 0, 30.60374739764053, 43.75, 30.58252427184466,
4, 411, 0, 39.416058394160586, 56.25, 39.32038834951456,
5, 699, 0, 46.351931330472105, 56.25, 46.285714285714285,
6, 699, 0, 10.300429184549357, 12.5, 10.285714285714285,
7, 1275, 0, 11.294117647058824, 12.5, 11.285266457680251,
8, 1275, 0, 50.8235294117647, 56.25, 50.78369905956113,
9, 699, 0, 46.351931330472105, 56.25, 46.285714285714285,
10, 2449, 0, 36.01469987750102, 43.75, 36.0,
11, 1441, 0, 30.60374739764053, 43.75, 30.58252427184466,
12, 5973, 0, 16.95128076343546, 24.245689655172413, 16.9484432541011,
13, 3885, 0, 13.03088803088803, 24.245689655172413, 13.027534740092644,
14, 2239, 0, 1.0719071013845467, 9.375, 1.0714285714285716,
