LayerID, Total Cycles, Stall Cycles, Overall Util %, Mapping Efficiency %, Compute Util %,
0, 2847, 0, 7.586933614330874, 25.0, 7.584269662921347,
1, 4287, 0, 13.435969209237228, 25.0, 13.432835820895525,
2, 1071, 0, 26.89075630252101, 50.0, 26.86567164179104,
3, 1647, 0, 34.97267759562842, 50.0, 34.95145631067961,
4, 411, 0, 70.07299270072993, 100.0, 69.90291262135922,
5, 699, 0, 82.40343347639485, 100.0, 82.28571428571428,
6, 699, 0, 41.201716738197426, 50.0, 41.14285714285714,
7, 1275, 0, 45.1764705882353, 50.0, 45.141065830721004,
8, 1139, 0, 56.8920105355575, 84.375, 56.84210526315789,
9, 1275, 0, 90.3529411764706, 100.0, 90.28213166144201,
10, 699, 0, 82.40343347639485, 100.0, 82.28571428571428,
11, 1259, 0, 45.90945194598888, 90.3125, 45.87301587301587,
12, 2799, 0, 41.157556270096464, 50.0, 41.14285714285714,
13, 1647, 0, 34.97267759562842, 50.0, 34.95145631067961,
14, 3289, 0, 16.555183946488295, 48.61607142857143, 16.550151975683892,
15, 6591, 0, 17.478379608557123, 25.0, 17.4757281553398,
16, 4287, 0, 13.435969209237228, 25.0, 13.432835820895525,
17, 2589, 0, 1.0464947856315179, 9.15329391891892, 1.046090733590734,
