LayerID, Avg IFMAP SRAM BW, Avg FILTER SRAM BW, Avg OFMAP SRAM BW, Avg IFMAP DRAM BW, Avg FILTER DRAM BW, Avg OFMAP DRAM BW,
0, 9.71127502634352, 4.85563751317176, 6.47418335089568, 8.82442748091603, 6.545454545454546, 32.0,
1, 22.372325898953118, 11.186162949476559, 2.7965407373691398, 9.734736842105264, 8.793893129770993, 32.0,
2, 22.382513661202186, 22.382513661202186, 5.284760170006072, 9.893129770992367, 8.793893129770993, 32.0,
3, 26.340836012861736, 26.340836012861736, 3.1096820292961773, 9.893129770992367, 9.375381485249237, 32.0,
4, 26.35025017869907, 26.35025017869907, 3.110793423874196, 9.75609756097561, 9.701052631578948, 32.0,
5, 28.9016072128577, 28.9016072128577, 1.7059976479811838, 9.770992366412214, 10.205782652043869, 32.0,
6, 14.45080360642885, 28.9016072128577, 0.9031752254018032, 8.793893129770993, 13.344434389140272, 32.0,
7, 15.185993820803295, 30.37198764160659, 0.474562306900103, 8.793893129770993, 19.473851030110936, 32.0,
8, 21.741546526867626, 25.76775884665793, 2.9190039318479686, 9.770992366412214, 6.377258566978193, 32.0,
9, 30.37198764160659, 30.37198764160659, 0.8963954685890834, 9.770992366412214, 19.473851030110936, 32.0,
10, 28.9016072128577, 28.9016072128577, 1.7059976479811838, 9.770992366412214, 10.205782652043869, 32.0,
11, 19.47459857857331, 21.563569360357988, 5.205580415898921, 9.893129770992367, 9.615023474178404, 32.0,
12, 28.895943562610228, 28.895943562610228, 1.7056633352929649, 9.893129770992367, 9.701052631578948, 32.0,
13, 26.340836012861736, 26.340836012861736, 3.1096820292961773, 9.893129770992367, 9.375381485249237, 32.0,
14, 15.807666137446132, 16.257654797006126, 8.411884781129508, 9.734736842105264, 7.816793893129771, 91.78684210526316,
15, 26.333779801768014, 13.166889900884007, 1.6458612376105008, 2.8751035157720395, 8.793893129770993, 32.0,
16, 22.372325898953118, 11.186162949476559, 2.7965407373691398, 9.734736842105264, 8.793893129770993, 32.0,
17, 6.411091854419411, 0.6155979202772963, 2.0228769497400347, 9.734736842105264, 0.7272727272727273, 31.81651376146789,
