LayerID, Total Cycles, Stall Cycles, Overall Util %, Mapping Efficiency %, Compute Util %,
0, 2847, 0, 15.173867228661749, 50.0, 15.168539325842694,
1, 6591, 0, 34.95675921711425, 50.0, 34.9514563106796,
2, 1647, 0, 69.94535519125684, 100.0, 69.90291262135922,
3, 2799, 0, 82.31511254019293, 100.0, 82.28571428571428,
4, 1399, 0, 82.3445318084346, 100.0, 82.28571428571428,
5, 2551, 0, 90.31752254018032, 100.0, 90.28213166144201,
6, 2551, 0, 45.15876127009016, 50.0, 45.141065830721004,
7, 4855, 0, 47.4562306900103, 50.0, 47.44645799011532,
8, 3815, 0, 67.94233289646134, 84.375, 67.9245283018868,
9, 4855, 0, 94.9124613800206, 100.0, 94.89291598023064,
10, 2551, 0, 90.31752254018032, 100.0, 90.28213166144201,
11, 3799, 0, 60.85812055804159, 90.3125, 60.84210526315791,
12, 5103, 0, 90.29982363315696, 100.0, 90.28213166144202,
13, 2799, 0, 82.31511254019293, 100.0, 82.28571428571428,
14, 4409, 0, 49.398956679519166, 97.23214285714286, 49.387755102040806,
15, 11199, 0, 41.14653094026252, 50.0, 41.14285714285712,
16, 6591, 0, 34.95675921711425, 50.0, 34.9514563106796,
17, 2885, 0, 1.8782495667244368, 9.15329391891892, 1.8775987525987532,
