LayerID, Total Cycles, Stall Cycles, Overall Util %, Mapping Efficiency %, Compute Util %,
0, 2580, 0, 14.716569767441861, 48.491379310344826, 14.710867880666404,
1, 5973, 0, 33.90256152687092, 48.491379310344826, 33.8968865082022,
2, 1441, 0, 61.20749479528106, 87.5, 61.16504854368932,
3, 2449, 0, 72.02939975500205, 87.5, 72.0,
4, 1399, 0, 46.31879914224446, 56.25, 46.285714285714285,
5, 2551, 0, 50.80360642885143, 56.25, 50.78369905956113,
6, 2551, 0, 11.28969031752254, 12.5, 11.285266457680251,
7, 4855, 0, 11.864057672502575, 12.5, 11.86161449752883,
8, 4855, 0, 53.388259526261585, 56.25, 53.377265238879744,
9, 2551, 0, 50.80360642885143, 56.25, 50.78369905956113,
10, 4465, 0, 79.01455767077267, 87.5, 78.99686520376177,
11, 2449, 0, 72.02939975500205, 87.5, 72.0,
12, 10149, 0, 39.90540939994088, 48.491379310344826, 39.90147783251229,
13, 5973, 0, 33.90256152687092, 48.491379310344826, 33.8968865082022,
14, 2495, 0, 1.9238476953907815, 9.375, 1.9230769230769231,
