LayerID, Total Cycles, Stall Cycles, Overall Util %, Mapping Efficiency %, Compute Util %,
0, 2847, 0, 30.347734457323497, 100.0, 30.33707865168539,
1, 11199, 0, 82.29306188052504, 100.0, 82.28571428571423,
2, 5599, 0, 82.30041078764064, 100.0, 82.28571428571425,
3, 10207, 0, 90.29097678064073, 100.0, 90.282131661442,
4, 5103, 0, 90.29982363315696, 100.0, 90.28213166144202,
5, 9711, 0, 94.90268767377201, 100.0, 94.89291598023063,
6, 4855, 0, 47.4562306900103, 50.0, 47.44645799011532,
7, 9711, 0, 94.90268767377201, 100.0, 94.89291598023063,
8, 4855, 0, 94.9124613800206, 100.0, 94.89291598023064,
9, 10207, 0, 90.29097678064073, 100.0, 90.282131661442,
10, 5103, 0, 90.29982363315696, 100.0, 90.28213166144202,
11, 11199, 0, 82.29306188052504, 100.0, 82.28571428571423,
12, 11199, 0, 7.714974551299223, 9.375, 7.714285714285713,
