LayerID, Total Cycles, Stall Cycles, Overall Util %, Mapping Efficiency %, Compute Util %,
0, 2580, 0, 29.433139534883722, 96.98275862068965, 29.42173576133281,
1, 10149, 0, 79.81081879988176, 96.98275862068965, 79.80295566502458,
2, 4899, 0, 72.01469687691366, 87.5, 71.99999999999999,
3, 8931, 0, 79.00571044675848, 87.5, 78.99686520376176,
4, 5103, 0, 50.79365079365079, 56.25, 50.78369905956114,
5, 9711, 0, 53.38276181649675, 56.25, 53.377265238879744,
6, 4855, 0, 11.864057672502575, 12.5, 11.86161449752883,
7, 2551, 0, 50.80360642885143, 56.25, 50.78369905956113,
8, 2449, 0, 72.02939975500205, 87.5, 72.0,
