LayerID, Total Cycles, Stall Cycles, Overall Util %, Mapping Efficiency %, Compute Util %,
0, 5695, 0, 30.342405618964005, 100.0, 30.337078651685417,
1, 40831, 0, 90.28434277877103, 100.0, 90.28213166144208,
2, 40831, 0, 90.28434277877103, 100.0, 90.28213166144208,
3, 40831, 0, 90.28434277877103, 100.0, 90.28213166144208,
4, 40831, 0, 90.28434277877103, 100.0, 90.28213166144208,
5, 25519, 0, 81.53924526823151, 90.3125, 81.53605015673986,
6, 38847, 0, 94.89535871495869, 100.0, 94.89291598023071,
7, 5039, 0, 45.882119468148446, 90.3125, 45.87301587301586,
8, 38847, 0, 94.89535871495869, 100.0, 94.89291598023071,
9, 38847, 0, 94.89535871495869, 100.0, 94.89291598023071,
10, 29135, 0, 80.06864595846919, 84.375, 80.06589785831962,
11, 37855, 0, 97.38211596882843, 100.0, 97.37954353338974,
12, 4559, 0, 56.85457337135337, 84.375, 56.84210526315792,
13, 37855, 0, 97.38211596882843, 100.0, 97.37954353338974,
14, 37855, 0, 97.38211596882843, 100.0, 97.37954353338974,
15, 37855, 0, 76.0797781006472, 78.125, 76.07776838546071,
16, 74719, 0, 49.33684872656219, 50.0, 49.336188436830845,
17, 5087, 0, 62.90544525260468, 78.125, 62.8930817610063,
18, 74719, 0, 49.33684872656219, 50.0, 49.336188436830845,
19, 74719, 0, 49.33684872656219, 50.0, 49.336188436830845,
20, 573, 0, 0.8726003490401396, 0.9765625, 0.8710801393728222,
